{
  "train_loss": [
    1.816242476272583,
    1.5578745064544677,
    1.4461739263534545,
    1.3552333275985717,
    1.289923303451538,
    1.2366659981536865,
    1.1880576501083373,
    1.1445898804473877,
    1.101972254486084,
    1.0669045009231568,
    1.0343902834701537,
    0.999979118976593,
    0.9755933099365235,
    0.9410103952026367,
    0.9153935731506347,
    0.8872851545906066,
    0.8679563473510742,
    0.8472585908508301,
    0.8300287135505676,
    0.8060671122741699,
    0.7876635850715638,
    0.7680627034187317,
    0.7485438105583191,
    0.7303239517593384,
    0.7154639771652221,
    0.7023344142723084,
    0.6819846599006653,
    0.673789925956726,
    0.6555613841247558,
    0.6373746905899048,
    0.6239515647125244,
    0.6145204881095886,
    0.6034720033073425,
    0.5812810764884949,
    0.577461472492218,
    0.5651918975448609,
    0.5518915295982361,
    0.5393750448417663,
    0.5295629153823852,
    0.5151678008842469,
    0.5109495204544068,
    0.49786125492095945,
    0.49191263561248777,
    0.4795502791976929,
    0.46449328521728517,
    0.45936856847763063,
    0.4483442939090729,
    0.44179214529037475,
    0.436597736158371,
    0.4265496484375,
    0.4139111389160156,
    0.4035519591140747,
    0.39978616925239563,
    0.38405096707344055,
    0.3808148201942444,
    0.3704437658405304,
    0.3645100852870941,
    0.3549688061904907,
    0.35063460335731506,
    0.3424543537902832,
    0.3327177342033386,
    0.32797454686164856,
    0.32275436443805694,
    0.31160756474494933,
    0.3126035618686676,
    0.30557426935195925,
    0.29514457418441775,
    0.29385232007980344,
    0.2899777342700958,
    0.2814607353687286,
    0.275830729675293,
    0.27493957406044006,
    0.2665413225746155,
    0.2603961407852173,
    0.26013859270095824,
    0.25537030767440794,
    0.25202337890625,
    0.2462595408296585,
    0.24543817573547363,
    0.2352501486301422,
    0.2329222647190094,
    0.22900839231967926,
    0.2310094422483444,
    0.2289984461736679,
    0.2250537499809265,
    0.2153248555803299,
    0.21929791406154633,
    0.21685873538017272,
    0.22066565423965454,
    0.21665653586387634,
    0.2118965578365326,
    0.21592434791088105,
    0.2129489177083969,
    0.2133849072265625,
    0.21402077054977417,
    0.20984053853034973,
    0.21045348152160645,
    0.21308979431152344,
    0.20833911770820618,
    0.21399787834644318
  ],
  "train_acc": [
    0.3335,
    0.43326,
    0.47742,
    0.513,
    0.53706,
    0.5542,
    0.57554,
    0.59118,
    0.60602,
    0.62022,
    0.63274,
    0.64662,
    0.652,
    0.66904,
    0.67378,
    0.68548,
    0.69218,
    0.7003,
    0.7061,
    0.71432,
    0.72128,
    0.72668,
    0.73472,
    0.74182,
    0.74824,
    0.75178,
    0.75764,
    0.76106,
    0.76636,
    0.7738,
    0.77922,
    0.78142,
    0.78496,
    0.79312,
    0.79652,
    0.7992,
    0.80558,
    0.80618,
    0.8116,
    0.81614,
    0.81972,
    0.82254,
    0.8247,
    0.8299,
    0.83524,
    0.83772,
    0.84094,
    0.84188,
    0.84354,
    0.84836,
    0.85348,
    0.85576,
    0.85652,
    0.86374,
    0.86368,
    0.86722,
    0.87008,
    0.87314,
    0.87454,
    0.87606,
    0.8811,
    0.88364,
    0.88436,
    0.88908,
    0.88812,
    0.89202,
    0.89458,
    0.8947,
    0.89616,
    0.89872,
    0.90102,
    0.90166,
    0.90576,
    0.90704,
    0.90674,
    0.9088,
    0.91008,
    0.91264,
    0.91346,
    0.91722,
    0.91804,
    0.91822,
    0.91736,
    0.91858,
    0.91998,
    0.92334,
    0.92266,
    0.92266,
    0.92212,
    0.9227,
    0.92468,
    0.92252,
    0.92342,
    0.92344,
    0.92352,
    0.92594,
    0.92562,
    0.92424,
    0.92574,
    0.92378
  ],
  "test_loss": [
    1.5149310453414917,
    1.3613059988021852,
    1.2640614053726196,
    1.1676591379165648,
    1.1107493801116943,
    1.0580334171295167,
    1.0390274625778197,
    1.022710470199585,
    0.9624236471176147,
    0.9319515331268311,
    0.9307168336868286,
    0.8841695715904235,
    0.8583542704582214,
    0.814170844745636,
    0.8153308910369873,
    0.7733253929138184,
    0.7534870500564576,
    0.7603308883666993,
    0.7307328743934631,
    0.7066585370063782,
    0.6862792427062988,
    0.6809557147979737,
    0.6838419136524201,
    0.6512894103050232,
    0.6675223243713378,
    0.6315310041427612,
    0.6234947877883911,
    0.6187393663406372,
    0.6019943331241607,
    0.6080064207077026,
    0.6078171152114868,
    0.5862651322364807,
    0.5705801090240479,
    0.5860192212104798,
    0.5697219399452209,
    0.5558251090049744,
    0.5425704767227173,
    0.5474570801734925,
    0.5423501730918884,
    0.5418564539432525,
    0.5322390529632568,
    0.522502433013916,
    0.5382496898651123,
    0.5339072529792785,
    0.5350801853179932,
    0.5081370837688446,
    0.5122492980003357,
    0.5288624766349792,
    0.5223550020694733,
    0.5188053795814515,
    0.5100627279758453,
    0.5254942675590515,
    0.5095707499027252,
    0.49549814596176145,
    0.5142690779685974,
    0.5058405458927154,
    0.5016223381519318,
    0.49801393394470217,
    0.512469970703125,
    0.498355047082901,
    0.527218527674675,
    0.5125857524871826,
    0.5074730276107788,
    0.5013232872009278,
    0.500634538936615,
    0.5111358827114105,
    0.5082177639007568,
    0.50630366563797,
    0.5084339805603028,
    0.4991613085746765,
    0.5063464978933334,
    0.5065164935112,
    0.5023491386413574,
    0.5094847754478454,
    0.5087644176483155,
    0.5107045384407043,
    0.5073425109386445,
    0.5128683297157287,
    0.5132851547241211,
    0.5227203999042511,
    0.5183923807621003,
    0.5106473927021027,
    0.5205885107040406,
    0.522750246334076,
    0.5179923225402832,
    0.518035229921341,
    0.5145047434329987,
    0.5185166397094727,
    0.518409493303299,
    0.5190953452587128,
    0.5201047825336457,
    0.5193237213611602,
    0.5179709531784058,
    0.5165441775321961,
    0.5187363216400146,
    0.5190054605007172,
    0.5185839486122131,
    0.5181445408344268,
    0.5181521960258484,
    0.5182373719215393
  ],
  "test_acc": [
    0.4576,
    0.5177,
    0.5478,
    0.5849,
    0.6012,
    0.6198,
    0.6245,
    0.6399,
    0.6549,
    0.6676,
    0.6668,
    0.6845,
    0.696,
    0.7097,
    0.7141,
    0.7309,
    0.7333,
    0.7317,
    0.7446,
    0.75,
    0.7589,
    0.7588,
    0.758,
    0.7704,
    0.7678,
    0.7773,
    0.7811,
    0.7841,
    0.7922,
    0.7906,
    0.7896,
    0.797,
    0.8015,
    0.8016,
    0.8048,
    0.8093,
    0.8082,
    0.812,
    0.8115,
    0.8137,
    0.816,
    0.8189,
    0.8169,
    0.8206,
    0.8176,
    0.832,
    0.8292,
    0.823,
    0.8217,
    0.8244,
    0.8322,
    0.8264,
    0.8318,
    0.8345,
    0.8336,
    0.8336,
    0.8371,
    0.8338,
    0.8382,
    0.8393,
    0.8321,
    0.8364,
    0.8377,
    0.8392,
    0.8428,
    0.838,
    0.8423,
    0.8379,
    0.84,
    0.8446,
    0.8423,
    0.8426,
    0.8467,
    0.8454,
    0.8441,
    0.8439,
    0.8466,
    0.848,
    0.8475,
    0.8462,
    0.8472,
    0.8474,
    0.8468,
    0.8462,
    0.849,
    0.8489,
    0.8501,
    0.8494,
    0.8495,
    0.8476,
    0.8494,
    0.8499,
    0.8492,
    0.8509,
    0.8495,
    0.8512,
    0.8518,
    0.8523,
    0.8523,
    0.8523
  ],